[{
  "_id": {
    "$oid": "666f1b8447a47ef34da6a558"
  },
  "name": "PlayStation Vita",
  "__v": 0
},
{
  "_id": {
    "$oid": "666f1b8447a47ef34da6a562"
  },
  "name": "iOS",
  "__v": 0
},
{
  "_id": {
    "$oid": "666f1b8447a47ef34da6a569"
  },
  "name": "PC (Microsoft Windows)",
  "__v": 0
},
{
  "_id": {
    "$oid": "666f1b8447a47ef34da6a56c"
  },
  "name": "Mac",
  "__v": 0
},
{
  "_id": {
    "$oid": "666f1b8447a47ef34da6a56f"
  },
  "name": "Android",
  "__v": 0
},
{
  "_id": {
    "$oid": "666f1b8447a47ef34da6a572"
  },
  "name": "Nintendo Switch",
  "__v": 0
},
{
  "_id": {
    "$oid": "666f1b8447a47ef34da6a59c"
  },
  "name": "Web browser",
  "__v": 0
},
{
  "_id": {
    "$oid": "666f1b8447a47ef34da6a5aa"
  },
  "name": "Xbox One",
  "__v": 0
},
{
  "_id": {
    "$oid": "666f1b8447a47ef34da6a5b7"
  },
  "name": "Family Computer Disk System",
  "__v": 0
},
{
  "_id": {
    "$oid": "666f1b8447a47ef34da6a5c9"
  },
  "name": "Sega Master System/Mark III",
  "__v": 0
},
{
  "_id": {
    "$oid": "666f1b8447a47ef34da6a5d7"
  },
  "name": "Wii U",
  "__v": 0
},
{
  "_id": {
    "$oid": "666f1b8447a47ef34da6a5f3"
  },
  "name": "Handheld Electronic LCD",
  "__v": 0
},
{
  "_id": {
    "$oid": "666f1b8447a47ef34da6a607"
  },
  "name": "Wii",
  "__v": 0
},
{
  "_id": {
    "$oid": "666f1b8447a47ef34da6a61d"
  },
  "name": "ColecoVision",
  "__v": 0
},
{
  "_id": {
    "$oid": "666f1b8447a47ef34da6a638"
  },
  "name": "Sinclair ZX81",
  "__v": 0
},
{
  "_id": {
    "$oid": "666f1b8447a47ef34da6a64f"
  },
  "name": "Amiga",
  "__v": 0
},
{
  "_id": {
    "$oid": "666f1b8447a47ef34da6a652"
  },
  "name": "Atari ST/STE",
  "__v": 0
},
{
  "_id": {
    "$oid": "666f1b8447a47ef34da6a672"
  },
  "name": "ZX Spectrum",
  "__v": 0
},
{
  "_id": {
    "$oid": "666f1b8447a47ef34da6a67a"
  },
  "name": "Arcade",
  "__v": 0
},
{
  "_id": {
    "$oid": "666f1b8447a47ef34da6a6a4"
  },
  "name": "PlayStation 4",
  "__v": 0
},
{
  "_id": {
    "$oid": "666f1b8447a47ef34da6a6a7"
  },
  "name": "PlayStation 5",
  "__v": 0
},
{
  "_id": {
    "$oid": "666f1b8447a47ef34da6a6aa"
  },
  "name": "Xbox Series X|S",
  "__v": 0
},
{
  "_id": {
    "$oid": "666f1b8447a47ef34da6a6bc"
  },
  "name": "DOS",
  "__v": 0
},
{
  "_id": {
    "$oid": "666f1b8447a47ef34da6a6c3"
  },
  "name": "Nintendo 3DS",
  "__v": 0
},
{
  "_id": {
    "$oid": "666f1b8447a47ef34da6a6d9"
  },
  "name": "Game Boy Advance",
  "__v": 0
},
{
  "_id": {
    "$oid": "666f1b8447a47ef34da6a711"
  },
  "name": "Turbografx-16/PC Engine CD",
  "__v": 0
},
{
  "_id": {
    "$oid": "666f1b8447a47ef34da6a732"
  },
  "name": "Nintendo DS",
  "__v": 0
},
{
  "_id": {
    "$oid": "666f1b8447a47ef34da6a748"
  },
  "name": "Nintendo Entertainment System",
  "__v": 0
},
{
  "_id": {
    "$oid": "666f1b8447a47ef34da6a767"
  },
  "name": "Family Computer",
  "__v": 0
},
{
  "_id": {
    "$oid": "666f1b8447a47ef34da6a7a0"
  },
  "name": "Leapster",
  "__v": 0
},
{
  "_id": {
    "$oid": "666f1b8447a47ef34da6a7b3"
  },
  "name": "Commodore C64/128/MAX",
  "__v": 0
},
{
  "_id": {
    "$oid": "666f1b8447a47ef34da6a7db"
  },
  "name": "PlayStation",
  "__v": 0
},
{
  "_id": {
    "$oid": "666f1b8447a47ef34da6a7e2"
  },
  "name": "Linux",
  "__v": 0
},
{
  "_id": {
    "$oid": "666f1b8447a47ef34da6a852"
  },
  "name": "PlayStation 3",
  "__v": 0
},
{
  "_id": {
    "$oid": "666f1b8447a47ef34da6a85e"
  },
  "name": "Atari 2600",
  "__v": 0
},
{
  "_id": {
    "$oid": "666f1b8447a47ef34da6a892"
  },
  "name": "Windows Mobile",
  "__v": 0
},
{
  "_id": {
    "$oid": "666f1b8447a47ef34da6a8c7"
  },
  "name": "Xbox 360",
  "__v": 0
},
{
  "_id": {
    "$oid": "666f1b8547a47ef34da6a8dd"
  },
  "name": "Game Boy",
  "__v": 0
},
{
  "_id": {
    "$oid": "666f1b8547a47ef34da6a8e4"
  },
  "name": "Super Nintendo Entertainment System",
  "__v": 0
},
{
  "_id": {
    "$oid": "666f1b8547a47ef34da6a920"
  },
  "name": "Dreamcast",
  "__v": 0
},
{
  "_id": {
    "$oid": "666f1b8547a47ef34da6a964"
  },
  "name": "WonderSwan",
  "__v": 0
},
{
  "_id": {
    "$oid": "666f1b8547a47ef34da6a96b"
  },
  "name": "MSX",
  "__v": 0
},
{
  "_id": {
    "$oid": "666f1b8547a47ef34da6a972"
  },
  "name": "Sega Mega Drive/Genesis",
  "__v": 0
},
{
  "_id": {
    "$oid": "666f1b8547a47ef34da6a9ca"
  },
  "name": "WonderSwan Color",
  "__v": 0
},
{
  "_id": {
    "$oid": "666f1b8547a47ef34da6aa1c"
  },
  "name": "R-Zone",
  "__v": 0
},
{
  "_id": {
    "$oid": "666f1b8547a47ef34da6aa5a"
  },
  "name": "Nintendo DSi",
  "__v": 0
},
{
  "_id": {
    "$oid": "666f1b8547a47ef34da6aae6"
  },
  "name": "Legacy Mobile Device",
  "__v": 0
},
{
  "_id": {
    "$oid": "666f1b8547a47ef34da6aaf6"
  },
  "name": "PlayStation Portable",
  "__v": 0
},
{
  "_id": {
    "$oid": "666f1b8547a47ef34da6ab42"
  },
  "name": "Amstrad CPC",
  "__v": 0
},
{
  "_id": {
    "$oid": "666f1b8547a47ef34da6ab52"
  },
  "name": "Sega Saturn",
  "__v": 0
},
{
  "_id": {
    "$oid": "666f1b8547a47ef34da6ab7d"
  },
  "name": "3DO Interactive Multiplayer",
  "__v": 0
},
{
  "_id": {
    "$oid": "666f1b8547a47ef34da6abc2"
  },
  "name": "Game Boy Color",
  "__v": 0
},
{
  "_id": {
    "$oid": "666f1b8547a47ef34da6abc9"
  },
  "name": "BBC Microcomputer System",
  "__v": 0
},
{
  "_id": {
    "$oid": "666f1b8547a47ef34da6abcc"
  },
  "name": "TRS-80 Color Computer",
  "__v": 0
},
{
  "_id": {
    "$oid": "666f1b8547a47ef34da6abcf"
  },
  "name": "Dragon 32/64",
  "__v": 0
},
{
  "_id": {
    "$oid": "666f1b8547a47ef34da6abfb"
  },
  "name": "Vectrex",
  "__v": 0
},
{
  "_id": {
    "$oid": "666f1b8547a47ef34da6ac31"
  },
  "name": "Amiga CD32",
  "__v": 0
},
{
  "_id": {
    "$oid": "666f1b8547a47ef34da6ac8a"
  },
  "name": "Super Famicom",
  "__v": 0
},
{
  "_id": {
    "$oid": "666f1b8547a47ef34da6ad2e"
  },
  "name": "Acorn Archimedes",
  "__v": 0
},
{
  "_id": {
    "$oid": "666f1b8547a47ef34da6ad68"
  },
  "name": "PlayStation 2",
  "__v": 0
},
{
  "_id": {
    "$oid": "666f1b8547a47ef34da6ae2c"
  },
  "name": "Plug & Play",
  "__v": 0
},
{
  "_id": {
    "$oid": "666f1b8547a47ef34da6ae39"
  },
  "name": "Commodore 16",
  "__v": 0
},
{
  "_id": {
    "$oid": "666f1b8547a47ef34da6aead"
  },
  "name": "Apple II",
  "__v": 0
},
{
  "_id": {
    "$oid": "666f1b8547a47ef34da6aeb0"
  },
  "name": "Sharp X68000",
  "__v": 0
},
{
  "_id": {
    "$oid": "666f1b8547a47ef34da6afc1"
  },
  "name": "Terebikko / See 'n Say Video Phone",
  "__v": 0
},
{
  "_id": {
    "$oid": "666f1b8547a47ef34da6affb"
  },
  "name": "Amstrad PCW",
  "__v": 0
},
{
  "_id": {
    "$oid": "666f1b8547a47ef34da6b028"
  },
  "name": "Game.com",
  "__v": 0
},
{
  "_id": {
    "$oid": "666f1b8547a47ef34da6b04a"
  },
  "name": "Gizmondo",
  "__v": 0
},
{
  "_id": {
    "$oid": "666f1b8547a47ef34da6b0f0"
  },
  "name": "Playdia",
  "__v": 0
},
{
  "_id": {
    "$oid": "666f1b8547a47ef34da6b335"
  },
  "name": "SG-1000",
  "__v": 0
},
{
  "_id": {
    "$oid": "666f1b8547a47ef34da6b353"
  },
  "name": "Panasonic M2",
  "__v": 0
},
{
  "_id": {
    "$oid": "666f1b8547a47ef34da6b411"
  },
  "name": "Intellivision Amico",
  "__v": 0
},
{
  "_id": {
    "$oid": "666f1b8647a47ef34da6b4d0"
  },
  "name": "Nintendo GameCube",
  "__v": 0
},
{
  "_id": {
    "$oid": "666f1b8647a47ef34da6b501"
  },
  "name": "Meta Quest 2",
  "__v": 0
},
{
  "_id": {
    "$oid": "666f1b8647a47ef34da6b504"
  },
  "name": "PlayStation VR2",
  "__v": 0
},
{
  "_id": {
    "$oid": "666f1b8647a47ef34da6b507"
  },
  "name": "Meta Quest 3",
  "__v": 0
},
{
  "_id": {
    "$oid": "666f1b8647a47ef34da6b62a"
  },
  "name": "Atari 8-bit",
  "__v": 0
},
{
  "_id": {
    "$oid": "666f1b8647a47ef34da6b64a"
  },
  "name": "Atari 7800",
  "__v": 0
},
{
  "_id": {
    "$oid": "666f1b8647a47ef34da6b67e"
  },
  "name": "PC-8800 Series",
  "__v": 0
},
{
  "_id": {
    "$oid": "666f1b8647a47ef34da6b681"
  },
  "name": "PC-9800 Series",
  "__v": 0
},
{
  "_id": {
    "$oid": "666f1b8647a47ef34da6b684"
  },
  "name": "FM-7",
  "__v": 0
},
{
  "_id": {
    "$oid": "666f1b8647a47ef34da6b6b1"
  },
  "name": "Commodore VIC-20",
  "__v": 0
},
{
  "_id": {
    "$oid": "666f1b8647a47ef34da6b9c8"
  },
  "name": "Nintendo 64",
  "__v": 0
},
{
  "_id": {
    "$oid": "666f1b8647a47ef34da6baa3"
  },
  "name": "Philips CD-i",
  "__v": 0
},
{
  "_id": {
    "$oid": "666f1b8647a47ef34da6bae4"
  },
  "name": "Windows Phone",
  "__v": 0
},
{
  "_id": {
    "$oid": "666f1b8747a47ef34da6bc21"
  },
  "name": "FM Towns",
  "__v": 0
},
{
  "_id": {
    "$oid": "666f1b8747a47ef34da6bc60"
  },
  "name": "Xbox",
  "__v": 0
},
{
  "_id": {
    "$oid": "666f1b8747a47ef34da6bc81"
  },
  "name": "Leapster Explorer/LeadPad Explorer",
  "__v": 0
},
{
  "_id": {
    "$oid": "666f1b8747a47ef34da6bcf9"
  },
  "name": "Odyssey 2 / Videopac G7000",
  "__v": 0
},
{
  "_id": {
    "$oid": "666f1b8747a47ef34da6bd09"
  },
  "name": "Ouya",
  "__v": 0
},
{
  "_id": {
    "$oid": "666f1b8747a47ef34da6bdfc"
  },
  "name": "Neo Geo Pocket Color",
  "__v": 0
},
{
  "_id": {
    "$oid": "666f1b8747a47ef34da6be7f"
  },
  "name": "Sharp X1",
  "__v": 0
},
{
  "_id": {
    "$oid": "666f1b8747a47ef34da6becf"
  },
  "name": "Commodore PET",
  "__v": 0
},
{
  "_id": {
    "$oid": "666f1b8747a47ef34da6c039"
  },
  "name": "Google Stadia",
  "__v": 0
},
{
  "_id": {
    "$oid": "666f1b8847a47ef34da6c32f"
  },
  "name": "New Nintendo 3DS",
  "__v": 0
},
{
  "_id": {
    "$oid": "666f1b8947a47ef34da6c734"
  },
  "name": "TRS-80",
  "__v": 0
},
{
  "_id": {
    "$oid": "666f1b8947a47ef34da6c813"
  },
  "name": "PlayStation VR",
  "__v": 0
},
{
  "_id": {
    "$oid": "666f1b8947a47ef34da6c839"
  },
  "name": "Playdate",
  "__v": 0
},
{
  "_id": {
    "$oid": "666f1b8947a47ef34da6cac6"
  },
  "name": "Atari 5200",
  "__v": 0
},
{
  "_id": {
    "$oid": "666f1b8947a47ef34da6cac9"
  },
  "name": "Texas Instruments TI-99",
  "__v": 0
},
{
  "_id": {
    "$oid": "666f1b8947a47ef34da6cacc"
  },
  "name": "Thomson MO5",
  "__v": 0
},
{
  "_id": {
    "$oid": "666f1b8a47a47ef34da6cec7"
  },
  "name": "Intellivision",
  "__v": 0
},
{
  "_id": {
    "$oid": "666f1b8a47a47ef34da6cf47"
  },
  "name": "PC-FX",
  "__v": 0
},
{
  "_id": {
    "$oid": "666f1b8b47a47ef34da6d323"
  },
  "name": "Mega Duck/Cougar Boy",
  "__v": 0
},
{
  "_id": {
    "$oid": "666f1b8c47a47ef34da6d4ce"
  },
  "name": "SteamVR",
  "__v": 0
},
{
  "_id": {
    "$oid": "666f1b8d47a47ef34da6da7d"
  },
  "name": "Atari Lynx",
  "__v": 0
},
{
  "_id": {
    "$oid": "666f1b8e47a47ef34da6dc29"
  },
  "name": "Sega Pico",
  "__v": 0
},
{
  "_id": {
    "$oid": "666f1b8e47a47ef34da6dfb4"
  },
  "name": "Evercade",
  "__v": 0
},
{
  "_id": {
    "$oid": "666f1b8e47a47ef34da6e033"
  },
  "name": "Pokémon mini",
  "__v": 0
},
{
  "_id": {
    "$oid": "666f1b8e47a47ef34da6e1db"
  },
  "name": "Odyssey",
  "__v": 0
},
{
  "_id": {
    "$oid": "666f1b8f47a47ef34da6e3b6"
  },
  "name": "Sega CD",
  "__v": 0
},
{
  "_id": {
    "$oid": "666f1b9047a47ef34da6e724"
  },
  "name": "Neo Geo MVS",
  "__v": 0
},
{
  "_id": {
    "$oid": "666f1b9047a47ef34da6e727"
  },
  "name": "Neo Geo AES",
  "__v": 0
},
{
  "_id": {
    "$oid": "666f1b9147a47ef34da6e9fd"
  },
  "name": "TurboGrafx-16/PC Engine",
  "__v": 0
},
{
  "_id": {
    "$oid": "666f1b9147a47ef34da6eaf1"
  },
  "name": "Arduboy",
  "__v": 0
},
{
  "_id": {
    "$oid": "666f1b9147a47ef34da6ee0e"
  },
  "name": "Palm OS",
  "__v": 0
},
{
  "_id": {
    "$oid": "666f1b9247a47ef34da6f1af"
  },
  "name": "Commodore Plus/4",
  "__v": 0
},
{
  "_id": {
    "$oid": "666f1b9247a47ef34da6f1b2"
  },
  "name": "Acorn Electron",
  "__v": 0
},
{
  "_id": {
    "$oid": "666f1b9247a47ef34da6f303"
  },
  "name": "Satellaview",
  "__v": 0
},
{
  "_id": {
    "$oid": "666f1b9247a47ef34da6f3af"
  },
  "name": "Watara/QuickShot Supervision",
  "__v": 0
},
{
  "_id": {
    "$oid": "666f1b9347a47ef34da6f61a"
  },
  "name": "Amazon Fire TV",
  "__v": 0
},
{
  "_id": {
    "$oid": "666f1b9347a47ef34da6f9af"
  },
  "name": "Tomy Tutor / Pyuta / Grandstand Tutor",
  "__v": 0
},
{
  "_id": {
    "$oid": "666f1b9347a47ef34da6fa85"
  },
  "name": "Bally Astrocade",
  "__v": 0
},
{
  "_id": {
    "$oid": "666f1b9547a47ef34da6fe0b"
  },
  "name": "Sega Game Gear",
  "__v": 0
},
{
  "_id": {
    "$oid": "666f1b9647a47ef34da702e4"
  },
  "name": "MSX2",
  "__v": 0
},
{
  "_id": {
    "$oid": "666f1b9847a47ef34da70a0e"
  },
  "name": "Apple IIGS",
  "__v": 0
},
{
  "_id": {
    "$oid": "666f1b9d47a47ef34da71b5c"
  },
  "name": "DVD Player",
  "__v": 0
},
{
  "_id": {
    "$oid": "666f1b9e47a47ef34da71f53"
  },
  "name": "Atari Jaguar",
  "__v": 0
},
{
  "_id": {
    "$oid": "666f1b9e47a47ef34da71fbb"
  },
  "name": "OOParts",
  "__v": 0
},
{
  "_id": {
    "$oid": "666f1b9f47a47ef34da722d6"
  },
  "name": "Apple Pippin",
  "__v": 0
},
{
  "_id": {
    "$oid": "666f1ba047a47ef34da7262a"
  },
  "name": "BlackBerry OS",
  "__v": 0
},
{
  "_id": {
    "$oid": "666f1ba447a47ef34da72f4e"
  },
  "name": "Windows Mixed Reality",
  "__v": 0
},
{
  "_id": {
    "$oid": "666f1ba447a47ef34da72f51"
  },
  "name": "Oculus Rift",
  "__v": 0
},
{
  "_id": {
    "$oid": "666f1ba547a47ef34da7323e"
  },
  "name": "NEC PC-6000 Series",
  "__v": 0
},
{
  "_id": {
    "$oid": "666f1ba647a47ef34da7329a"
  },
  "name": "Oculus Quest",
  "__v": 0
},
{
  "_id": {
    "$oid": "666f1ba747a47ef34da735d0"
  },
  "name": "PocketStation",
  "__v": 0
},
{
  "_id": {
    "$oid": "666f1baa47a47ef34da73a9e"
  },
  "name": "N-Gage",
  "__v": 0
},
{
  "_id": {
    "$oid": "666f1baf47a47ef34da74449"
  },
  "name": "Sharp MZ-2200",
  "__v": 0
},
{
  "_id": {
    "$oid": "666f1bb047a47ef34da747c9"
  },
  "name": "Oculus VR",
  "__v": 0
},
{
  "_id": {
    "$oid": "666f1bb247a47ef34da74ceb"
  },
  "name": "Zeebo",
  "__v": 0
},
{
  "_id": {
    "$oid": "666f1bb247a47ef34da74d8e"
  },
  "name": "Gear VR",
  "__v": 0
},
{
  "_id": {
    "$oid": "666f1bb247a47ef34da74e64"
  },
  "name": "Neo Geo Pocket",
  "__v": 0
},
{
  "_id": {
    "$oid": "666f1bb547a47ef34da75713"
  },
  "name": "Sega 32X",
  "__v": 0
},
{
  "_id": {
    "$oid": "666f1bbd47a47ef34da76b20"
  },
  "name": "Neo Geo CD",
  "__v": 0
},
{
  "_id": {
    "$oid": "666f1bbf47a47ef34da77521"
  },
  "name": "VC 4000",
  "__v": 0
},
{
  "_id": {
    "$oid": "666f1bc047a47ef34da77842"
  },
  "name": "Casio Loopy",
  "__v": 0
},
{
  "_id": {
    "$oid": "666f1bc247a47ef34da77ffe"
  },
  "name": "Game & Watch",
  "__v": 0
},
{
  "_id": {
    "$oid": "666f1bc247a47ef34da78013"
  },
  "name": "V.Smile",
  "__v": 0
},
{
  "_id": {
    "$oid": "666f1bc447a47ef34da78813"
  },
  "name": "Virtual Boy",
  "__v": 0
},
{
  "_id": {
    "$oid": "666f1bc547a47ef34da78ae1"
  },
  "name": "Epoch Cassette Vision",
  "__v": 0
},
{
  "_id": {
    "$oid": "666f1bc747a47ef34da78dcb"
  },
  "name": "Microvision",
  "__v": 0
},
{
  "_id": {
    "$oid": "666f1bd247a47ef34da7b00a"
  },
  "name": "Daydream",
  "__v": 0
},
{
  "_id": {
    "$oid": "666f1bd247a47ef34da7b00d"
  },
  "name": "Oculus Go",
  "__v": 0
},
{
  "_id": {
    "$oid": "666f1be547a47ef34da7d7a8"
  },
  "name": "Super A'Can",
  "__v": 0
},
{
  "_id": {
    "$oid": "666f1be947a47ef34da7e00c"
  },
  "name": "Fairchild Channel F",
  "__v": 0
},
{
  "_id": {
    "$oid": "666f1bf447a47ef34da7f57d"
  },
  "name": "AY-3-8500",
  "__v": 0
},
{
  "_id": {
    "$oid": "666f1bf447a47ef34da7f580"
  },
  "name": "AY-3-8610",
  "__v": 0
},
{
  "_id": {
    "$oid": "666f1bf447a47ef34da7f583"
  },
  "name": "PC-50X Family",
  "__v": 0
},
{
  "_id": {
    "$oid": "666f1bf647a47ef34da7f840"
  },
  "name": "Hyper Neo Geo 64",
  "__v": 0
},
{
  "_id": {
    "$oid": "666f1bf747a47ef34da7faba"
  },
  "name": "LeapTV",
  "__v": 0
},
{
  "_id": {
    "$oid": "666f1bfb47a47ef34da80231"
  },
  "name": "Gamate",
  "__v": 0
},
{
  "_id": {
    "$oid": "666f1c0647a47ef34da818ad"
  },
  "name": "1292 Advanced Programmable Video System",
  "__v": 0
},
{
  "_id": {
    "$oid": "666f1c0747a47ef34da81a83"
  },
  "name": "visionOS",
  "__v": 0
},
{
  "_id": {
    "$oid": "666f1c0a47a47ef34da8201c"
  },
  "name": "Tatung Einstein",
  "__v": 0
},
{
  "_id": {
    "$oid": "666f1c1147a47ef34da82e62"
  },
  "name": "PLATO",
  "__v": 0
},
{
  "_id": {
    "$oid": "666f1c1247a47ef34da8314d"
  },
  "name": "Legacy Computer",
  "__v": 0
},
{
  "_id": {
    "$oid": "666f1c2347a47ef34da8540e"
  },
  "name": "PDP-11",
  "__v": 0
},
{
  "_id": {
    "$oid": "666f1c2c47a47ef34da86521"
  },
  "name": "PDP-10",
  "__v": 0
},
{
  "_id": {
    "$oid": "666f1c3047a47ef34da86c10"
  },
  "name": "Tapwave Zodiac",
  "__v": 0
},
{
  "_id": {
    "$oid": "666f1c4447a47ef34da890cb"
  },
  "name": "Arcadia 2001",
  "__v": 0
},
{
  "_id": {
    "$oid": "666f1c4647a47ef34da89419"
  },
  "name": "Epoch Super Cassette Vision",
  "__v": 0
},
{
  "_id": {
    "$oid": "666f1c4747a47ef34da89759"
  },
  "name": "Sega CD 32X",
  "__v": 0
},
{
  "_id": {
    "$oid": "666f1c4947a47ef34da89a33"
  },
  "name": "Nintendo 64DD",
  "__v": 0
},
{
  "_id": {
    "$oid": "666f1c5647a47ef34da8b15d"
  },
  "name": "HP 2100",
  "__v": 0
},
{
  "_id": {
    "$oid": "666f1c7b47a47ef34da8f117"
  },
  "name": "Commodore CDTV",
  "__v": 0
},
{
  "_id": {
    "$oid": "666f1c8d47a47ef34da90e9b"
  },
  "name": "Atari Jaguar CD",
  "__v": 0
},
{
  "_id": {
    "$oid": "666f1cb547a47ef34da94d48"
  },
  "name": "PDP-8",
  "__v": 0
},
{
  "_id": {
    "$oid": "666f1cb947a47ef34da95317"
  },
  "name": "PC Engine SuperGrafx",
  "__v": 0
},
{
  "_id": {
    "$oid": "666f1ccc47a47ef34da96f3a"
  },
  "name": "Sinclair QL",
  "__v": 0
},
{
  "_id": {
    "$oid": "666f1cd847a47ef34da97f68"
  },
  "name": "Visual Memory Unit / Visual Memory System",
  "__v": 0
},
{
  "_id": {
    "$oid": "666f1cdc47a47ef34da984dd"
  },
  "name": "AirConsole",
  "__v": 0
},
{
  "_id": {
    "$oid": "666f1cf147a47ef34da9a2cf"
  },
  "name": "DUPLICATE Stadia",
  "__v": 0
},
{
  "_id": {
    "$oid": "666f1d0647a47ef34da9beec"
  },
  "name": "Nuon",
  "__v": 0
},
{
  "_id": {
    "$oid": "666f1d2847a47ef34da9ebbd"
  },
  "name": "Microcomputer",
  "__v": 0
},
{
  "_id": {
    "$oid": "666f1d4547a47ef34daa107e"
  },
  "name": "Digiblast",
  "__v": 0
},
{
  "_id": {
    "$oid": "666f1d8447a47ef34daa5a36"
  },
  "name": "Panasonic Jungle",
  "__v": 0
},
{
  "_id": {
    "$oid": "666f1d8747a47ef34daa5d5a"
  },
  "name": "Blu-ray Player",
  "__v": 0
},
{
  "_id": {
    "$oid": "666f1ef947a47ef34dabae8d"
  },
  "name": "Nintendo PlayStation",
  "__v": 0
},
{
  "_id": {
    "$oid": "666f208447a47ef34dacbfad"
  },
  "name": "AY-3-8606",
  "__v": 0
},
{
  "_id": {
    "$oid": "666f20ac47a47ef34dacd94c"
  },
  "name": "HyperScan",
  "__v": 0
},
{
  "_id": {
    "$oid": "666f20c447a47ef34dace867"
  },
  "name": "OnLive Game System",
  "__v": 0
},
{
  "_id": {
    "$oid": "666f222c47a47ef34dadbd66"
  },
  "name": "Call-A-Computer time-shared mainframe computer system",
  "__v": 0
},
{
  "_id": {
    "$oid": "666f22d547a47ef34dae1c16"
  },
  "name": "Analogue electronics",
  "__v": 0
},
{
  "_id": {
    "$oid": "666f24f947a47ef34daf3658"
  },
  "name": "Imlac PDS-1",
  "__v": 0
},
{
  "_id": {
    "$oid": "666f26f247a47ef34db01ffd"
  },
  "name": "AY-3-8760",
  "__v": 0
},
{
  "_id": {
    "$oid": "666f29f047a47ef34db15d44"
  },
  "name": "Exidy Sorcerer",
  "__v": 0
},
{
  "_id": {
    "$oid": "666f29f047a47ef34db15d47"
  },
  "name": "Sol-20",
  "__v": 0
},
{
  "_id": {
    "$oid": "666f2a4147a47ef34db17b00"
  },
  "name": "HP 3000",
  "__v": 0
},
{
  "_id": {
    "$oid": "666f2afd47a47ef34db1c3bb"
  },
  "name": "LaserActive",
  "__v": 0
},
{
  "_id": {
    "$oid": "666f2cef47a47ef34db27c59"
  },
  "name": "EDSAC",
  "__v": 0
},
{
  "_id": {
    "$oid": "666f2e3547a47ef34db2f5e3"
  },
  "name": "CDC Cyber 70",
  "__v": 0
},
{
  "_id": {
    "$oid": "666f32d447a47ef34db49a5d"
  },
  "name": "PDP-7",
  "__v": 0
},
{
  "_id": {
    "$oid": "666f336047a47ef34db4ccad"
  },
  "name": "AY-3-8603",
  "__v": 0
},
{
  "_id": {
    "$oid": "666f392e47a47ef34db6b3e6"
  },
  "name": "SDS Sigma 7",
  "__v": 0
},
{
  "_id": {
    "$oid": "666f3cd247a47ef34db7d0ce"
  },
  "name": "DEC GT40",
  "__v": 0
},
{
  "_id": {
    "$oid": "666f3d0c47a47ef34db7e3d9"
  },
  "name": "AY-3-8607",
  "__v": 0
},
{
  "_id": {
    "$oid": "666f3ecc47a47ef34db87e4c"
  },
  "name": "AY-3-8605",
  "__v": 0
},
{
  "_id": {
    "$oid": "666f3f9b47a47ef34db8c484"
  },
  "name": "Donner Model 30",
  "__v": 0
},
{
  "_id": {
    "$oid": "666f3fb747a47ef34db8ce83"
  },
  "name": "PDP-1",
  "__v": 0
}]