[{
  "_id": {
    "$oid": "666f1b8447a47ef34da6a55b"
  },
  "name": "Visual Novel",
  "__v": 0
},
{
  "_id": {
    "$oid": "666f1b8447a47ef34da6a575"
  },
  "name": "Puzzle",
  "__v": 0
},
{
  "_id": {
    "$oid": "666f1b8447a47ef34da6a578"
  },
  "name": "Strategy",
  "__v": 0
},
{
  "_id": {
    "$oid": "666f1b8447a47ef34da6a57b"
  },
  "name": "Indie",
  "__v": 0
},
{
  "_id": {
    "$oid": "666f1b8447a47ef34da6a58d"
  },
  "name": "Arcade",
  "__v": 0
},
{
  "_id": {
    "$oid": "666f1b8447a47ef34da6a5a3"
  },
  "name": "Simulator",
  "__v": 0
},
{
  "_id": {
    "$oid": "666f1b8447a47ef34da6a5c2"
  },
  "name": "Adventure",
  "__v": 0
},
{
  "_id": {
    "$oid": "666f1b8447a47ef34da6a5e1"
  },
  "name": "Role-playing (RPG)",
  "__v": 0
},
{
  "_id": {
    "$oid": "666f1b8447a47ef34da6a5f6"
  },
  "name": "Sport",
  "__v": 0
},
{
  "_id": {
    "$oid": "666f1b8447a47ef34da6a627"
  },
  "name": "Quiz/Trivia",
  "__v": 0
},
{
  "_id": {
    "$oid": "666f1b8447a47ef34da6a63b"
  },
  "name": "Platform",
  "__v": 0
},
{
  "_id": {
    "$oid": "666f1b8447a47ef34da6a655"
  },
  "name": "Shooter",
  "__v": 0
},
{
  "_id": {
    "$oid": "666f1b8447a47ef34da6a664"
  },
  "name": "Racing",
  "__v": 0
},
{
  "_id": {
    "$oid": "666f1b8447a47ef34da6a75c"
  },
  "name": "Point-and-click",
  "__v": 0
},
{
  "_id": {
    "$oid": "666f1b8447a47ef34da6a78f"
  },
  "name": "Turn-based strategy (TBS)",
  "__v": 0
},
{
  "_id": {
    "$oid": "666f1b8447a47ef34da6a792"
  },
  "name": "Tactical",
  "__v": 0
},
{
  "_id": {
    "$oid": "666f1b8447a47ef34da6a82d"
  },
  "name": "Real Time Strategy (RTS)",
  "__v": 0
},
{
  "_id": {
    "$oid": "666f1b8547a47ef34da6a98e"
  },
  "name": "Music",
  "__v": 0
},
{
  "_id": {
    "$oid": "666f1b8547a47ef34da6a9f4"
  },
  "name": "Fighting",
  "__v": 0
},
{
  "_id": {
    "$oid": "666f1b8547a47ef34da6aa06"
  },
  "name": "Hack and slash/Beat 'em up",
  "__v": 0
},
{
  "_id": {
    "$oid": "666f1b8547a47ef34da6aa6e"
  },
  "name": "Card & Board Game",
  "__v": 0
},
{
  "_id": {
    "$oid": "666f1b8547a47ef34da6ad31"
  },
  "name": "Pinball",
  "__v": 0
},
{
  "_id": {
    "$oid": "666f1b8f47a47ef34da6e521"
  },
  "name": "MOBA",
  "__v": 0
}]